

INSERT INTO groep_66.dienst( dienst_id, dienst, prijs, beschrijving ) VALUES ( 'OV-EX-01', 'Excursie', 25, 'Dagtocht langs de kust');
INSERT INTO groep_66.dienst( dienst_id, dienst, prijs, beschrijving ) VALUES ( 'SE-TO-02', 'Rondleiding', 30, 'Stadsrondleiding met gids');
INSERT INTO groep_66.dienst( dienst_id, dienst, prijs, beschrijving ) VALUES ( 'MA-CR-03', 'Avondcruise', 45, 'Avondcruise met diner');
INSERT INTO groep_66.dienst( dienst_id, dienst, prijs, beschrijving ) VALUES ( 'WP-EX-04', 'Natuurwandeling', 20, 'Natuurwandeling');
INSERT INTO groep_66.dienst( dienst_id, dienst, prijs, beschrijving ) VALUES ( 'OW-TO-05', 'Historische tour', 35, 'Historische tour');
INSERT INTO groep_66.dienst( dienst_id, dienst, prijs, beschrijving ) VALUES ( 'BH-CR-06', 'Luxe cruise', 50, 'Luxe cruise met entertainment');
INSERT INTO groep_66.dienst( dienst_id, dienst, prijs, beschrijving ) VALUES ( 'OP-EX-07', 'Marktbezoek', 15, 'Bezoek aan lokale markten');
INSERT INTO groep_66.dienst( dienst_id, dienst, prijs, beschrijving ) VALUES ( 'SS-TO-08', 'Architectuurtour', 40, 'Architectuurtour');
INSERT INTO groep_66.dienst( dienst_id, dienst, prijs, beschrijving ) VALUES ( 'PD-CR-09', 'Zonsondergang cruise', 48, 'Zonsondergang cruise');
INSERT INTO groep_66.dienst( dienst_id, dienst, prijs, beschrijving ) VALUES ( 'CQ-EX-10', 'Kustexcursie', 22, 'Kustexcursie');
INSERT INTO groep_66.dienst( dienst_id, dienst, prijs, beschrijving ) VALUES ( 'AS-TO-11', 'Museumtour', 28, 'Museumtour');
INSERT INTO groep_66.dienst( dienst_id, dienst, prijs, beschrijving ) VALUES ( 'SW-CR-12', 'Feestelijke cruise', 47, 'Feestelijke cruise');
INSERT INTO groep_66.dienst( dienst_id, dienst, prijs, beschrijving ) VALUES ( 'GH-EX-13', 'Natuurreservaat wandeling', 18, 'Wandeltocht door natuurreservaat');
INSERT INTO groep_66.dienst( dienst_id, dienst, prijs, beschrijving ) VALUES ( 'CE-TO-14', 'Kunstgalerij tour', 32, 'Kunstgalerij tour');
INSERT INTO groep_66.dienst( dienst_id, dienst, prijs, beschrijving ) VALUES ( 'MS-CR-15', 'Luxe cruise met live muziek', 50, 'Luxe cruise met live muziek');
INSERT INTO groep_66.dienst( dienst_id, dienst, prijs, beschrijving ) VALUES ( 'OB-EX-16', 'Historische locaties', 20, 'Bezoek aan historische locaties');
INSERT INTO groep_66.dienst( dienst_id, dienst, prijs, beschrijving ) VALUES ( 'WS-TO-17', 'Fietstour', 29, 'Fietstour door de stad');
INSERT INTO groep_66.dienst( dienst_id, dienst, prijs, beschrijving ) VALUES ( 'SS-CR-18', 'Diner en dans cruise', 46, 'Avondcruise met diner en dans');
INSERT INTO groep_66.dienst( dienst_id, dienst, prijs, beschrijving ) VALUES ( 'BD-EX-19', 'Boerderijbezoek', 17, 'Bezoek aan lokale boerderijen');
INSERT INTO groep_66.dienst( dienst_id, dienst, prijs, beschrijving ) VALUES ( 'NL-TO-20', 'Historische gebouwen tour', 33, 'Rondleiding door historische gebouwen');


INSERT INTO groep_66.haven( haven_id, diepgang, locatie ) VALUES ( 'NLRTM', 23, 'Rotterdam');
INSERT INTO groep_66.haven( haven_id, diepgang, locatie ) VALUES ( 'BEANR', 15, 'Antwerpen');
INSERT INTO groep_66.haven( haven_id, diepgang, locatie ) VALUES ( 'FRLEH', 14, 'Le Havre');
INSERT INTO groep_66.haven( haven_id, diepgang, locatie ) VALUES ( 'DEHAM', 17, 'Hamburg');
INSERT INTO groep_66.haven( haven_id, diepgang, locatie ) VALUES ( 'ITGEO', 12, 'Genoa');
INSERT INTO groep_66.haven( haven_id, diepgang, locatie ) VALUES ( 'ESBCN', 16, 'Barcelona');
INSERT INTO groep_66.haven( haven_id, diepgang, locatie ) VALUES ( 'UKLON', 11, 'London');
INSERT INTO groep_66.haven( haven_id, diepgang, locatie ) VALUES ( 'USNYC', 20, 'New York');
INSERT INTO groep_66.haven( haven_id, diepgang, locatie ) VALUES ( 'JPTYO', 18, 'Tokyo');
INSERT INTO groep_66.haven( haven_id, diepgang, locatie ) VALUES ( 'CNSHA', 19, 'Shanghai');
INSERT INTO groep_66.haven( haven_id, diepgang, locatie ) VALUES ( 'SGSIN', 21, 'Singapore');
INSERT INTO groep_66.haven( haven_id, diepgang, locatie ) VALUES ( 'AUSYD', 14, 'Sydney');
INSERT INTO groep_66.haven( haven_id, diepgang, locatie ) VALUES ( 'BRRIO', 13, 'Rio de Janeiro');
INSERT INTO groep_66.haven( haven_id, diepgang, locatie ) VALUES ( 'INMUM', 15, 'Mumbai');
INSERT INTO groep_66.haven( haven_id, diepgang, locatie ) VALUES ( 'ZACPT', 17, 'Cape Town');
INSERT INTO groep_66.haven( haven_id, diepgang, locatie ) VALUES ( 'KRINC', 22, 'Incheon');
INSERT INTO groep_66.haven( haven_id, diepgang, locatie ) VALUES ( 'RUMOW', 10, 'Moscow');
INSERT INTO groep_66.haven( haven_id, diepgang, locatie ) VALUES ( 'TRIST', 12, 'Istanbul');
INSERT INTO groep_66.haven( haven_id, diepgang, locatie ) VALUES ( 'EGALX', 18, 'Alexandria');
INSERT INTO groep_66.haven( haven_id, diepgang, locatie ) VALUES ( 'MXVER', 16, 'Veracruz');


INSERT INTO groep_66.schip( schip_id, naam, max_passagiers, diepgang ) VALUES ( 'IMO-7834521', 'Ocean Voyager', 3200, 12);
INSERT INTO groep_66.schip( schip_id, naam, max_passagiers, diepgang ) VALUES ( 'IMO-9153748', 'Sea Explorer', 5100, 10);
INSERT INTO groep_66.schip( schip_id, naam, max_passagiers, diepgang ) VALUES ( 'IMO-6342785', 'Marine Adventurer', 5800, 9);
INSERT INTO groep_66.schip( schip_id, naam, max_passagiers, diepgang ) VALUES ( 'IMO-7239482', 'Wave Pioneer', 800, 9);
INSERT INTO groep_66.schip( schip_id, naam, max_passagiers, diepgang ) VALUES ( 'IMO-8613497', 'Ocean Wanderer', 1500, 8);
INSERT INTO groep_66.schip( schip_id, naam, max_passagiers, diepgang ) VALUES ( 'IMO-4728931', 'Blue Horizon', 3400, 11);
INSERT INTO groep_66.schip( schip_id, naam, max_passagiers, diepgang ) VALUES ( 'IMO-5912738', 'Ocean Pearl', 4200, 10);
INSERT INTO groep_66.schip( schip_id, naam, max_passagiers, diepgang ) VALUES ( 'IMO-3748192', 'Sea Star', 2700, 10);
INSERT INTO groep_66.schip( schip_id, naam, max_passagiers, diepgang ) VALUES ( 'IMO-1847392', 'Pacific Dream', 6000, 14);
INSERT INTO groep_66.schip( schip_id, naam, max_passagiers, diepgang ) VALUES ( 'IMO-9283746', 'Coral Queen', 5400, 12);
INSERT INTO groep_66.schip( schip_id, naam, max_passagiers, diepgang ) VALUES ( 'IMO-4720183', 'Atlantic Spirit', 800, 9);
INSERT INTO groep_66.schip( schip_id, naam, max_passagiers, diepgang ) VALUES ( 'IMO-5821739', 'Silver Wave', 1800, 8);
INSERT INTO groep_66.schip( schip_id, naam, max_passagiers, diepgang ) VALUES ( 'IMO-8193740', 'Golden Horizon', 5200, 13);
INSERT INTO groep_66.schip( schip_id, naam, max_passagiers, diepgang ) VALUES ( 'IMO-3928471', 'Crystal Explorer', 4600, 11);
INSERT INTO groep_66.schip( schip_id, naam, max_passagiers, diepgang ) VALUES ( 'IMO-2847395', 'Majestic Seas', 5000, 15);
INSERT INTO groep_66.schip( schip_id, naam, max_passagiers, diepgang ) VALUES ( 'IMO-9183742', 'Ocean Breeze', 3200, 10);
INSERT INTO groep_66.schip( schip_id, naam, max_passagiers, diepgang ) VALUES ( 'IMO-6472839', 'Wave Seeker', 3700, 9);
INSERT INTO groep_66.schip( schip_id, naam, max_passagiers, diepgang ) VALUES ( 'IMO-7384950', 'Sea Sapphire', 2500, 12);
INSERT INTO groep_66.schip( schip_id, naam, max_passagiers, diepgang ) VALUES ( 'IMO-2847163', 'Blue Dolphin', 3100, 8);
INSERT INTO groep_66.schip( schip_id, naam, max_passagiers, diepgang ) VALUES ( 'IMO-1938472', 'Northern Light', 4200, 14);
INSERT INTO groep_66.schip( schip_id, naam, max_passagiers, diepgang ) VALUES ( 'IMO-9183743', 'Emerald Sky', 500, 9);
INSERT INTO groep_66.schip( schip_id, naam, max_passagiers, diepgang ) VALUES ( 'IMO-7384951', 'Southern Star', 5400, 11);
INSERT INTO groep_66.schip( schip_id, naam, max_passagiers, diepgang ) VALUES ( 'IMO-6472838', 'Wave Voyager', 5800, 13);
INSERT INTO groep_66.schip( schip_id, naam, max_passagiers, diepgang ) VALUES ( 'IMO-8293746', 'Ocean Radiance', 2900, 12);
INSERT INTO groep_66.schip( schip_id, naam, max_passagiers, diepgang ) VALUES ( 'IMO-3948175', 'Coral Explorer', 4400, 10);


INSERT INTO groep_66.vaarroute( route_id, duur, beschrijving ) VALUES ( 'NL001A', 5, 'Route langs de kust van Nederland.');
INSERT INTO groep_66.vaarroute( route_id, duur, beschrijving ) VALUES ( 'NL245B', 8, 'Van Rotterdam naar Amsterdam via de Noordzee.');
INSERT INTO groep_66.vaarroute( route_id, duur, beschrijving ) VALUES ( 'BE378A', 6, 'Een tocht van Antwerpen naar Brugge.');
INSERT INTO groep_66.vaarroute( route_id, duur, beschrijving ) VALUES ( 'DK123C', 9, 'Route van Kopenhagen naar Bornholm.');
INSERT INTO groep_66.vaarroute( route_id, duur, beschrijving ) VALUES ( 'IT008A', 6, 'Van Napels naar de Amalfikust.');
INSERT INTO groep_66.vaarroute( route_id, duur, beschrijving ) VALUES ( 'ES300B', 8, 'Een tocht van Barcelona naar Mallorca.');
INSERT INTO groep_66.vaarroute( route_id, duur, beschrijving ) VALUES ( 'GR555A', 10, 'Eilandhoppen van Athene naar Santorini.');
INSERT INTO groep_66.vaarroute( route_id, duur, beschrijving ) VALUES ( 'PT222A', 11, 'Langs de Portugese kust van Porto naar Lissabon.');
INSERT INTO groep_66.vaarroute( route_id, duur, beschrijving ) VALUES ( 'US111B', 18, 'Tocht van Miami naar de Bahama’s.');
INSERT INTO groep_66.vaarroute( route_id, duur, beschrijving ) VALUES ( 'CA789A', 20, 'Langs de Canadese kust van Vancouver naar Victoria.');
INSERT INTO groep_66.vaarroute( route_id, duur, beschrijving ) VALUES ( 'AU024C', 16, 'Langs het Groot Barrièrerif.');
INSERT INTO groep_66.vaarroute( route_id, duur, beschrijving ) VALUES ( 'JP678A', 12, 'Van Osaka naar Hiroshima via de Seto Binnenzee.');
INSERT INTO groep_66.vaarroute( route_id, duur, beschrijving ) VALUES ( 'CN400B', 9, 'Van Shanghai naar Hong Kong langs de oostkust.');
INSERT INTO groep_66.vaarroute( route_id, duur, beschrijving ) VALUES ( 'BR002A', 14, 'Van Rio de Janeiro naar Salvador.');
INSERT INTO groep_66.vaarroute( route_id, duur, beschrijving ) VALUES ( 'ZA847B', 8, 'Langs de Zuid-Afrikaanse kust bij Kaapstad.');
INSERT INTO groep_66.vaarroute( route_id, duur, beschrijving ) VALUES ( 'EG159A', 6, 'Van Alexandrië naar de Rode Zee.');
INSERT INTO groep_66.vaarroute( route_id, duur, beschrijving ) VALUES ( 'AE650C', 7, 'Van Dubai naar Abu Dhabi langs de Perzische Golf.');
INSERT INTO groep_66.vaarroute( route_id, duur, beschrijving ) VALUES ( 'IN276B', 10, 'Langs de westkust van Mumbai naar Goa.');
INSERT INTO groep_66.vaarroute( route_id, duur, beschrijving ) VALUES ( 'RU912A', 11, 'Een tocht van Sint-Petersburg naar Moskou via rivieren.');
INSERT INTO groep_66.vaarroute( route_id, duur, beschrijving ) VALUES ( 'MX333B', 8, 'Een cruise langs de Mexicaanse Riviera.');
INSERT INTO groep_66.vaarroute( route_id, duur, beschrijving ) VALUES ( 'DE082C', 23, 'Langs de Duitse Waddenzee naar Hamburg.');
INSERT INTO groep_66.vaarroute( route_id, duur, beschrijving ) VALUES ( 'FR314A', 17, 'Van Marseille naar de Franse Rivièra.');
INSERT INTO groep_66.vaarroute( route_id, duur, beschrijving ) VALUES ( 'UK567B', 13, 'Een route rond het eiland Wight.');
INSERT INTO groep_66.vaarroute( route_id, duur, beschrijving ) VALUES ( 'NO091A', 11, 'Fjordentocht vanuit Bergen naar Geiranger.');
INSERT INTO groep_66.vaarroute( route_id, duur, beschrijving ) VALUES ( 'SE482B', 20, 'Langs de Zweedse scherenkust bij Stockholm.');


INSERT INTO groep_66.vaarroute_haven( fk_route_id, fk_haven_id, van, tot ) VALUES ( 'DE082C', 'NLRTM', '2024-12-01', '2024-12-02');
INSERT INTO groep_66.vaarroute_haven( fk_route_id, fk_haven_id, van, tot ) VALUES ( 'DE082C', 'BEANR', '2024-12-06', '2024-12-07');
INSERT INTO groep_66.vaarroute_haven( fk_route_id, fk_haven_id, van, tot ) VALUES ( 'DE082C', 'FRLEH', '2024-12-11', '2024-12-12');
INSERT INTO groep_66.vaarroute_haven( fk_route_id, fk_haven_id, van, tot ) VALUES ( 'DE082C', 'DEHAM', '2024-12-16', '2024-12-17');
INSERT INTO groep_66.vaarroute_haven( fk_route_id, fk_haven_id, van, tot ) VALUES ( 'DE082C', 'KRINC', '2024-12-18', '2024-12-19');
INSERT INTO groep_66.vaarroute_haven( fk_route_id, fk_haven_id, van, tot ) VALUES ( 'DE082C', 'ITGEO', '2024-12-22', '2024-12-23');
INSERT INTO groep_66.vaarroute_haven( fk_route_id, fk_haven_id, van, tot ) VALUES ( 'FR314A', 'ITGEO', '2025-01-05', '2025-01-06');
INSERT INTO groep_66.vaarroute_haven( fk_route_id, fk_haven_id, van, tot ) VALUES ( 'FR314A', 'ESBCN', '2025-01-10', '2025-01-13');
INSERT INTO groep_66.vaarroute_haven( fk_route_id, fk_haven_id, van, tot ) VALUES ( 'FR314A', 'UKLON', '2025-01-15', '2025-01-16');
INSERT INTO groep_66.vaarroute_haven( fk_route_id, fk_haven_id, van, tot ) VALUES ( 'FR314A', 'RUMOW', '2025-01-18', '2025-01-19');
INSERT INTO groep_66.vaarroute_haven( fk_route_id, fk_haven_id, van, tot ) VALUES ( 'FR314A', 'USNYC', '2025-01-21', '2025-01-22');
INSERT INTO groep_66.vaarroute_haven( fk_route_id, fk_haven_id, van, tot ) VALUES ( 'UK567B', 'USNYC', '2025-02-01', '2025-02-02');
INSERT INTO groep_66.vaarroute_haven( fk_route_id, fk_haven_id, van, tot ) VALUES ( 'UK567B', 'JPTYO', '2025-02-06', '2025-02-07');
INSERT INTO groep_66.vaarroute_haven( fk_route_id, fk_haven_id, van, tot ) VALUES ( 'UK567B', 'TRIST', '2025-02-09', '2025-02-10');
INSERT INTO groep_66.vaarroute_haven( fk_route_id, fk_haven_id, van, tot ) VALUES ( 'UK567B', 'BEANR', '2025-02-12', '2025-02-13');
INSERT INTO groep_66.vaarroute_haven( fk_route_id, fk_haven_id, van, tot ) VALUES ( 'NO091A', 'CNSHA', '2025-01-15', '2025-01-16');
INSERT INTO groep_66.vaarroute_haven( fk_route_id, fk_haven_id, van, tot ) VALUES ( 'NO091A', 'SGSIN', '2025-01-20', '2025-01-22');
INSERT INTO groep_66.vaarroute_haven( fk_route_id, fk_haven_id, van, tot ) VALUES ( 'NO091A', 'EGALX', '2025-01-24', '2025-01-25');
INSERT INTO groep_66.vaarroute_haven( fk_route_id, fk_haven_id, van, tot ) VALUES ( 'SE482B', 'AUSYD', '2025-03-01', '2025-03-02');
INSERT INTO groep_66.vaarroute_haven( fk_route_id, fk_haven_id, van, tot ) VALUES ( 'SE482B', 'BRRIO', '2025-03-06', '2025-03-07');
INSERT INTO groep_66.vaarroute_haven( fk_route_id, fk_haven_id, van, tot ) VALUES ( 'SE482B', 'INMUM', '2025-03-11', '2025-03-12');
INSERT INTO groep_66.vaarroute_haven( fk_route_id, fk_haven_id, van, tot ) VALUES ( 'SE482B', 'ZACPT', '2025-03-16', '2025-03-17');
INSERT INTO groep_66.vaarroute_haven( fk_route_id, fk_haven_id, van, tot ) VALUES ( 'SE482B', 'MXVER', '2025-03-19', '2025-03-20');


INSERT INTO groep_66.attractie( attractie_id, naam, beschrijving, afstand_haven, fk_haven_id ) VALUES ( 'NL4589', 'Euromast', 'Een iconische toren met een panoramisch uitzicht over Rotterdam.', 5, 'NLRTM');
INSERT INTO groep_66.attractie( attractie_id, naam, beschrijving, afstand_haven, fk_haven_id ) VALUES ( 'ES3344', 'Sagrada Familia', 'Een beroemde basiliek in Barcelona.', 10, 'ESBCN');
INSERT INTO groep_66.attractie( attractie_id, naam, beschrijving, afstand_haven, fk_haven_id ) VALUES ( 'UK5566', 'Big Ben', 'Een iconische klokkentoren in Londen.', 8, 'UKLON');
INSERT INTO groep_66.attractie( attractie_id, naam, beschrijving, afstand_haven, fk_haven_id ) VALUES ( 'US7788', 'Statue of Liberty', 'Een symbolisch beeld in New York.', 15, 'USNYC');
INSERT INTO groep_66.attractie( attractie_id, naam, beschrijving, afstand_haven, fk_haven_id ) VALUES ( 'JP9900', 'Tokyo Tower', 'Een communicatietoren in Tokyo.', 12, 'JPTYO');
INSERT INTO groep_66.attractie( attractie_id, naam, beschrijving, afstand_haven, fk_haven_id ) VALUES ( 'CN2233', 'The Bund', 'Een beroemde waterkant in Shanghai.', 5, 'CNSHA');
INSERT INTO groep_66.attractie( attractie_id, naam, beschrijving, afstand_haven, fk_haven_id ) VALUES ( 'SG4455', 'Marina Bay Sands', 'Een iconisch hotel en casino in Singapore.', 3, 'SGSIN');
INSERT INTO groep_66.attractie( attractie_id, naam, beschrijving, afstand_haven, fk_haven_id ) VALUES ( 'AU6677', 'Sydney Opera House', 'Een wereldberoemd operagebouw in Sydney.', 2, 'AUSYD');
INSERT INTO groep_66.attractie( attractie_id, naam, beschrijving, afstand_haven, fk_haven_id ) VALUES ( 'BR8899', 'Christ the Redeemer', 'Een groot standbeeld van Jezus Christus in Rio de Janeiro.', 25, 'BRRIO');
INSERT INTO groep_66.attractie( attractie_id, naam, beschrijving, afstand_haven, fk_haven_id ) VALUES ( 'IN1010', 'Gateway of India', 'Een monument in Mumbai.', 7, 'INMUM');
INSERT INTO groep_66.attractie( attractie_id, naam, beschrijving, afstand_haven, fk_haven_id ) VALUES ( 'ZA1212', 'Table Mountain', 'Een iconische berg in Kaapstad.', 10, 'ZACPT');
INSERT INTO groep_66.attractie( attractie_id, naam, beschrijving, afstand_haven, fk_haven_id ) VALUES ( 'KR1414', 'Gyeongbokgung Palace', 'Een historisch paleis in Seoul.', 20, 'KRINC');
INSERT INTO groep_66.attractie( attractie_id, naam, beschrijving, afstand_haven, fk_haven_id ) VALUES ( 'RU1616', 'Red Square', 'Een beroemde plek in Moskou.', 5, 'RUMOW');
INSERT INTO groep_66.attractie( attractie_id, naam, beschrijving, afstand_haven, fk_haven_id ) VALUES ( 'TR1818', 'Hagia Sophia', 'Een historische moskee in Istanbul.', 15, 'TRIST');
INSERT INTO groep_66.attractie( attractie_id, naam, beschrijving, afstand_haven, fk_haven_id ) VALUES ( 'EG2020', 'Pyramids of Giza', 'Oude piramides in Gizeh.', 30, 'EGALX');


INSERT INTO groep_66.cruise( cruise_id, naam, prijs, vertrek, aankomst, fk_schip_id, fk_route_id ) VALUES ( 'ABC-123', 'Mediterranean Wonders', 1450, '2024-12-01', '2024-12-23', 'IMO-7834521', 'DE082C');
INSERT INTO groep_66.cruise( cruise_id, naam, prijs, vertrek, aankomst, fk_schip_id, fk_route_id ) VALUES ( 'DEF-456', 'Mediterranean Dreams', 599, '2025-01-01', '2025-01-08', 'IMO-9153748', 'DE082C');
INSERT INTO groep_66.cruise( cruise_id, naam, prijs, vertrek, aankomst, fk_schip_id, fk_route_id ) VALUES ( 'GHI-789', 'Caribbean Escape', 1800, '2025-01-05', '2025-01-22', 'IMO-6342785', 'FR314A');
INSERT INTO groep_66.cruise( cruise_id, naam, prijs, vertrek, aankomst, fk_schip_id, fk_route_id ) VALUES ( 'JKL-012', 'Caribbean Adventure', 799, '2025-02-01', '2025-02-08', 'IMO-7239482', 'FR314A');
INSERT INTO groep_66.cruise( cruise_id, naam, prijs, vertrek, aankomst, fk_schip_id, fk_route_id ) VALUES ( 'MNO-345', 'Tropical Paradise', 909, '2025-03-01', '2025-03-20', 'IMO-8613497', 'SE482B');
INSERT INTO groep_66.cruise( cruise_id, naam, prijs, vertrek, aankomst, fk_schip_id, fk_route_id ) VALUES ( 'PQR-678', 'Tropical Getaway', 210, '2025-05-01', '2025-05-08', 'IMO-4728931', 'SE482B');
INSERT INTO groep_66.cruise( cruise_id, naam, prijs, vertrek, aankomst, fk_schip_id, fk_route_id ) VALUES ( 'STU-901', 'Northern Lights Expedition', 1999, '2025-02-01', '2025-02-13', 'IMO-5912738', 'UK567B');
INSERT INTO groep_66.cruise( cruise_id, naam, prijs, vertrek, aankomst, fk_schip_id, fk_route_id ) VALUES ( 'VWX-234', 'Aurora Cruise', 23, '2025-07-05', '2025-07-12', 'IMO-3748192', 'UK567B');
INSERT INTO groep_66.cruise( cruise_id, naam, prijs, vertrek, aankomst, fk_schip_id, fk_route_id ) VALUES ( 'YZA-567', 'Oceanic Journey', 2500, '2025-01-15', '2025-01-25', 'IMO-1847392', 'NO091A');
INSERT INTO groep_66.cruise( cruise_id, naam, prijs, vertrek, aankomst, fk_schip_id, fk_route_id ) VALUES ( 'BCD-890', 'Alaskan Adventure', 2750, '2025-09-01', '2025-09-08', 'IMO-9283746', 'SE482B');
INSERT INTO groep_66.cruise( cruise_id, naam, prijs, vertrek, aankomst, fk_schip_id, fk_route_id ) VALUES ( 'EFG-234', 'Caribbean Royalty', 2400, '2025-10-05', '2025-10-12', 'IMO-4720183', 'FR314A');
INSERT INTO groep_66.cruise( cruise_id, naam, prijs, vertrek, aankomst, fk_schip_id, fk_route_id ) VALUES ( 'HIJ-567', 'Pacific Exploration', 2600, '2025-11-01', '2025-11-08', 'IMO-5821739', 'DE082C');
INSERT INTO groep_66.cruise( cruise_id, naam, prijs, vertrek, aankomst, fk_schip_id, fk_route_id ) VALUES ( 'KLM-890', 'Dreams of the East', 1800, '2025-12-05', '2025-12-12', 'IMO-8193740', 'FR314A');
INSERT INTO groep_66.cruise( cruise_id, naam, prijs, vertrek, aankomst, fk_schip_id, fk_route_id ) VALUES ( 'NOP-123', 'South Pacific Wonders', 3001, '2026-01-10', '2026-01-17', 'IMO-3928471', 'UK567B');
INSERT INTO groep_66.cruise( cruise_id, naam, prijs, vertrek, aankomst, fk_schip_id, fk_route_id ) VALUES ( 'QRS-456', 'Mediterranean Escape', 500, '2026-02-01', '2026-02-08', 'IMO-2847395', 'DE082C');
INSERT INTO groep_66.cruise( cruise_id, naam, prijs, vertrek, aankomst, fk_schip_id, fk_route_id ) VALUES ( 'TUV-789', 'Alaskan Majesty', 2200, '2026-03-05', '2026-03-12', 'IMO-7834521', 'SE482B');
INSERT INTO groep_66.cruise( cruise_id, naam, prijs, vertrek, aankomst, fk_schip_id, fk_route_id ) VALUES ( 'WXY-012', 'Grand Ocean Expedition', 950, '2026-04-15', '2026-04-22', 'IMO-9153748', 'NO091A');
INSERT INTO groep_66.cruise( cruise_id, naam, prijs, vertrek, aankomst, fk_schip_id, fk_route_id ) VALUES ( 'XYZ-345', 'Caribbean Dream', 2100, '2026-05-10', '2026-05-17', 'IMO-6342785', 'FR314A');
INSERT INTO groep_66.cruise( cruise_id, naam, prijs, vertrek, aankomst, fk_schip_id, fk_route_id ) VALUES ( 'ABC-678', 'Mediterranean Sun', 1750, '2026-06-01', '2026-06-08', 'IMO-7239482', 'DE082C');
INSERT INTO groep_66.cruise( cruise_id, naam, prijs, vertrek, aankomst, fk_schip_id, fk_route_id ) VALUES ( 'DEF-901', 'Tropical Horizons', 250, '2026-07-01', '2026-07-08', 'IMO-8613497', 'SE482B');
INSERT INTO groep_66.cruise( cruise_id, naam, prijs, vertrek, aankomst, fk_schip_id, fk_route_id ) VALUES ( 'GHI-234', 'Island Getaway', 2350, '2026-08-01', '2026-08-08', 'IMO-4728931', 'UK567B');
INSERT INTO groep_66.cruise( cruise_id, naam, prijs, vertrek, aankomst, fk_schip_id, fk_route_id ) VALUES ( 'JKL-567', 'Atlantic Crossing', 800, '2026-09-01', '2026-09-08', 'IMO-5912738', 'DE082C');
INSERT INTO groep_66.cruise( cruise_id, naam, prijs, vertrek, aankomst, fk_schip_id, fk_route_id ) VALUES ( 'MNO-890', 'Pacific Dream', 450, '2026-10-05', '2026-10-12', 'IMO-3748192', 'FR314A');
INSERT INTO groep_66.cruise( cruise_id, naam, prijs, vertrek, aankomst, fk_schip_id, fk_route_id ) VALUES ( 'PQR-012', 'Northern Shores', 500, '2026-11-01', '2026-11-08', 'IMO-1847392', 'UK567B');
INSERT INTO groep_66.cruise( cruise_id, naam, prijs, vertrek, aankomst, fk_schip_id, fk_route_id ) VALUES ( 'STU-345', 'Caribbean Queen', 2650, '2026-12-01', '2026-12-08', 'IMO-9283746', 'SE482B');


INSERT INTO groep_66.boeking( boeking_id, datum, fk_cruise_id, fk_passagier_id ) VALUES ( 'ENKEL_LB.23-1', '2023-06-15', 'ABC-123', NULL);
INSERT INTO groep_66.boeking( boeking_id, datum, fk_cruise_id, fk_passagier_id ) VALUES ( 'ROMAN_SK.45-2', '2024-03-22', 'GHI-789', NULL);
INSERT INTO groep_66.boeking( boeking_id, datum, fk_cruise_id, fk_passagier_id ) VALUES ( 'GEZIN_AW.67-4', '2023-11-10', 'STU-901', NULL);
INSERT INTO groep_66.boeking( boeking_id, datum, fk_cruise_id, fk_passagier_id ) VALUES ( 'EXTRA_UV.89-8', '2023-08-07', 'ABC-123', NULL);
INSERT INTO groep_66.boeking( boeking_id, datum, fk_cruise_id, fk_passagier_id ) VALUES ( 'ROMAN_EY.12-2', '2024-01-25', 'STU-901', NULL);
INSERT INTO groep_66.boeking( boeking_id, datum, fk_cruise_id, fk_passagier_id ) VALUES ( 'GEZIN_BN.34-4', '2023-02-11', 'GHI-789', NULL);
INSERT INTO groep_66.boeking( boeking_id, datum, fk_cruise_id, fk_passagier_id ) VALUES ( 'ENKEL_FM.56-1', '2023-05-17', 'ABC-123', NULL);
INSERT INTO groep_66.boeking( boeking_id, datum, fk_cruise_id, fk_passagier_id ) VALUES ( 'ROMAN_HZ.78-2', '2023-09-03', 'GHI-789', NULL);
INSERT INTO groep_66.boeking( boeking_id, datum, fk_cruise_id, fk_passagier_id ) VALUES ( 'GEZIN_IV.90-4', '2023-07-11', 'STU-901', NULL);
INSERT INTO groep_66.boeking( boeking_id, datum, fk_cruise_id, fk_passagier_id ) VALUES ( 'EXTRA_QD.23-8', '2023-04-19', 'ABC-123', NULL);
INSERT INTO groep_66.boeking( boeking_id, datum, fk_cruise_id, fk_passagier_id ) VALUES ( 'ROMAN_RP.56-2', '2024-02-10', 'STU-901', NULL);
INSERT INTO groep_66.boeking( boeking_id, datum, fk_cruise_id, fk_passagier_id ) VALUES ( 'GEZIN_MX.78-4', '2023-01-08', 'GHI-789', NULL);
INSERT INTO groep_66.boeking( boeking_id, datum, fk_cruise_id, fk_passagier_id ) VALUES ( 'ENKEL_YG.45-1', '2023-06-30', 'ABC-123', NULL);
INSERT INTO groep_66.boeking( boeking_id, datum, fk_cruise_id, fk_passagier_id ) VALUES ( 'ROMAN_PW.67-2', '2024-03-15', 'GHI-789', NULL);
INSERT INTO groep_66.boeking( boeking_id, datum, fk_cruise_id, fk_passagier_id ) VALUES ( 'GEZIN_KJ.89-4', '2023-10-12', 'STU-901', NULL);


INSERT INTO groep_66.boeking_dienst( fk_boeking_id, fk_dienst_id ) VALUES ( 'ENKEL_LB.23-1', 'OV-EX-01');
INSERT INTO groep_66.boeking_dienst( fk_boeking_id, fk_dienst_id ) VALUES ( 'ENKEL_LB.23-1', 'SE-TO-02');
INSERT INTO groep_66.boeking_dienst( fk_boeking_id, fk_dienst_id ) VALUES ( 'ENKEL_LB.23-1', 'MA-CR-03');
INSERT INTO groep_66.boeking_dienst( fk_boeking_id, fk_dienst_id ) VALUES ( 'ROMAN_SK.45-2', 'WP-EX-04');
INSERT INTO groep_66.boeking_dienst( fk_boeking_id, fk_dienst_id ) VALUES ( 'ROMAN_SK.45-2', 'SE-TO-02');
INSERT INTO groep_66.boeking_dienst( fk_boeking_id, fk_dienst_id ) VALUES ( 'GEZIN_AW.67-4', 'OW-TO-05');
INSERT INTO groep_66.boeking_dienst( fk_boeking_id, fk_dienst_id ) VALUES ( 'GEZIN_AW.67-4', 'BH-CR-06');
INSERT INTO groep_66.boeking_dienst( fk_boeking_id, fk_dienst_id ) VALUES ( 'GEZIN_AW.67-4', 'OP-EX-07');
INSERT INTO groep_66.boeking_dienst( fk_boeking_id, fk_dienst_id ) VALUES ( 'GEZIN_AW.67-4', 'SS-TO-08');
INSERT INTO groep_66.boeking_dienst( fk_boeking_id, fk_dienst_id ) VALUES ( 'ROMAN_EY.12-2', 'PD-CR-09');
INSERT INTO groep_66.boeking_dienst( fk_boeking_id, fk_dienst_id ) VALUES ( 'ROMAN_EY.12-2', 'CQ-EX-10');
INSERT INTO groep_66.boeking_dienst( fk_boeking_id, fk_dienst_id ) VALUES ( 'GEZIN_BN.34-4', 'AS-TO-11');
INSERT INTO groep_66.boeking_dienst( fk_boeking_id, fk_dienst_id ) VALUES ( 'GEZIN_BN.34-4', 'SW-CR-12');
INSERT INTO groep_66.boeking_dienst( fk_boeking_id, fk_dienst_id ) VALUES ( 'GEZIN_BN.34-4', 'GH-EX-13');
INSERT INTO groep_66.boeking_dienst( fk_boeking_id, fk_dienst_id ) VALUES ( 'ENKEL_FM.56-1', 'OP-EX-07');
INSERT INTO groep_66.boeking_dienst( fk_boeking_id, fk_dienst_id ) VALUES ( 'ENKEL_FM.56-1', 'MA-CR-03');
INSERT INTO groep_66.boeking_dienst( fk_boeking_id, fk_dienst_id ) VALUES ( 'ROMAN_HZ.78-2', 'SS-TO-08');
INSERT INTO groep_66.boeking_dienst( fk_boeking_id, fk_dienst_id ) VALUES ( 'GEZIN_IV.90-4', 'PD-CR-09');
INSERT INTO groep_66.boeking_dienst( fk_boeking_id, fk_dienst_id ) VALUES ( 'EXTRA_QD.23-8', 'CQ-EX-10');
INSERT INTO groep_66.boeking_dienst( fk_boeking_id, fk_dienst_id ) VALUES ( 'ROMAN_RP.56-2', 'AS-TO-11');
INSERT INTO groep_66.boeking_dienst( fk_boeking_id, fk_dienst_id ) VALUES ( 'ROMAN_RP.56-2', 'WP-EX-04');
INSERT INTO groep_66.boeking_dienst( fk_boeking_id, fk_dienst_id ) VALUES ( 'GEZIN_MX.78-4', 'SW-CR-12');
INSERT INTO groep_66.boeking_dienst( fk_boeking_id, fk_dienst_id ) VALUES ( 'GEZIN_MX.78-4', 'OW-TO-05');
INSERT INTO groep_66.boeking_dienst( fk_boeking_id, fk_dienst_id ) VALUES ( 'ENKEL_YG.45-1', 'GH-EX-13');
INSERT INTO groep_66.boeking_dienst( fk_boeking_id, fk_dienst_id ) VALUES ( 'ROMAN_PW.67-2', 'CE-TO-14');
INSERT INTO groep_66.boeking_dienst( fk_boeking_id, fk_dienst_id ) VALUES ( 'ROMAN_PW.67-2', 'SW-CR-12');
INSERT INTO groep_66.boeking_dienst( fk_boeking_id, fk_dienst_id ) VALUES ( 'GEZIN_KJ.89-4', 'MS-CR-15');
INSERT INTO groep_66.boeking_dienst( fk_boeking_id, fk_dienst_id ) VALUES ( 'GEZIN_KJ.89-4', 'AS-TO-11');
INSERT INTO groep_66.boeking_dienst( fk_boeking_id, fk_dienst_id ) VALUES ( 'ENKEL_LB.23-1', 'SS-TO-08');
INSERT INTO groep_66.boeking_dienst( fk_boeking_id, fk_dienst_id ) VALUES ( 'ENKEL_LB.23-1', 'PD-CR-09');
INSERT INTO groep_66.boeking_dienst( fk_boeking_id, fk_dienst_id ) VALUES ( 'ROMAN_SK.45-2', 'SW-CR-12');
INSERT INTO groep_66.boeking_dienst( fk_boeking_id, fk_dienst_id ) VALUES ( 'ROMAN_SK.45-2', 'GH-EX-13');
INSERT INTO groep_66.boeking_dienst( fk_boeking_id, fk_dienst_id ) VALUES ( 'GEZIN_AW.67-4', 'MS-CR-15');
INSERT INTO groep_66.boeking_dienst( fk_boeking_id, fk_dienst_id ) VALUES ( 'GEZIN_AW.67-4', 'NL-TO-20');
INSERT INTO groep_66.boeking_dienst( fk_boeking_id, fk_dienst_id ) VALUES ( 'ROMAN_EY.12-2', 'SS-CR-18');
INSERT INTO groep_66.boeking_dienst( fk_boeking_id, fk_dienst_id ) VALUES ( 'ROMAN_EY.12-2', 'GH-EX-13');
INSERT INTO groep_66.boeking_dienst( fk_boeking_id, fk_dienst_id ) VALUES ( 'GEZIN_BN.34-4', 'MS-CR-15');
INSERT INTO groep_66.boeking_dienst( fk_boeking_id, fk_dienst_id ) VALUES ( 'GEZIN_BN.34-4', 'WS-TO-17');
INSERT INTO groep_66.boeking_dienst( fk_boeking_id, fk_dienst_id ) VALUES ( 'ENKEL_FM.56-1', 'PD-CR-09');
INSERT INTO groep_66.boeking_dienst( fk_boeking_id, fk_dienst_id ) VALUES ( 'ENKEL_FM.56-1', 'SW-CR-12');


INSERT INTO groep_66.kamer( kamer_id, capaciteit, prijs, "type", fk_schip_id, fk_boeking_id ) VALUES ( 'A00.001', 2, 35, 'balkon', 'IMO-6342785', null);
INSERT INTO groep_66.kamer( kamer_id, capaciteit, prijs, "type", fk_schip_id, fk_boeking_id ) VALUES ( 'A00.003', 2, 30, 'balkon', 'IMO-6342785', null);
INSERT INTO groep_66.kamer( kamer_id, capaciteit, prijs, "type", fk_schip_id, fk_boeking_id ) VALUES ( 'A00.004', 4, 52, 'familie', 'IMO-6342785', null);
INSERT INTO groep_66.kamer( kamer_id, capaciteit, prijs, "type", fk_schip_id, fk_boeking_id ) VALUES ( 'A00.005', 8, 128, 'familie', 'IMO-6342785', null);
INSERT INTO groep_66.kamer( kamer_id, capaciteit, prijs, "type", fk_schip_id, fk_boeking_id ) VALUES ( 'A00.007', 4, 50, 'suite', 'IMO-6342785', null);
INSERT INTO groep_66.kamer( kamer_id, capaciteit, prijs, "type", fk_schip_id, fk_boeking_id ) VALUES ( 'A00.008', 2, 32, 'balkon', 'IMO-6342785', null);
INSERT INTO groep_66.kamer( kamer_id, capaciteit, prijs, "type", fk_schip_id, fk_boeking_id ) VALUES ( 'A00.009', 8, 136, 'luxury', 'IMO-6342785', null);
INSERT INTO groep_66.kamer( kamer_id, capaciteit, prijs, "type", fk_schip_id, fk_boeking_id ) VALUES ( 'A00.010', 4, 56, 'suite', 'IMO-6342785', null);
INSERT INTO groep_66.kamer( kamer_id, capaciteit, prijs, "type", fk_schip_id, fk_boeking_id ) VALUES ( 'A01.001', 2, 36, 'balkon', 'IMO-6342785', null);
INSERT INTO groep_66.kamer( kamer_id, capaciteit, prijs, "type", fk_schip_id, fk_boeking_id ) VALUES ( 'A01.002', 4, 50, 'familie', 'IMO-6342785', null);
INSERT INTO groep_66.kamer( kamer_id, capaciteit, prijs, "type", fk_schip_id, fk_boeking_id ) VALUES ( 'A01.003', 2, 31, 'balkon', 'IMO-6342785', null);
INSERT INTO groep_66.kamer( kamer_id, capaciteit, prijs, "type", fk_schip_id, fk_boeking_id ) VALUES ( 'A01.004', 4, 54, 'luxury', 'IMO-6342785', null);
INSERT INTO groep_66.kamer( kamer_id, capaciteit, prijs, "type", fk_schip_id, fk_boeking_id ) VALUES ( 'A01.005', 8, 140, 'luxury', 'IMO-6342785', null);
INSERT INTO groep_66.kamer( kamer_id, capaciteit, prijs, "type", fk_schip_id, fk_boeking_id ) VALUES ( 'A01.006', 2, 39, 'suite', 'IMO-6342785', null);
INSERT INTO groep_66.kamer( kamer_id, capaciteit, prijs, "type", fk_schip_id, fk_boeking_id ) VALUES ( 'A01.007', 4, 53, 'familie', 'IMO-6342785', null);
INSERT INTO groep_66.kamer( kamer_id, capaciteit, prijs, "type", fk_schip_id, fk_boeking_id ) VALUES ( 'A01.008', 2, 34, 'balkon', 'IMO-6342785', null);
INSERT INTO groep_66.kamer( kamer_id, capaciteit, prijs, "type", fk_schip_id, fk_boeking_id ) VALUES ( 'A01.009', 8, 144, 'deluxe', 'IMO-6342785', null);
INSERT INTO groep_66.kamer( kamer_id, capaciteit, prijs, "type", fk_schip_id, fk_boeking_id ) VALUES ( 'A01.010', 4, 58, 'luxury', 'IMO-6342785', null);
INSERT INTO groep_66.kamer( kamer_id, capaciteit, prijs, "type", fk_schip_id, fk_boeking_id ) VALUES ( 'A02.001', 2, 37, 'luxury', 'IMO-6342785', null);
INSERT INTO groep_66.kamer( kamer_id, capaciteit, prijs, "type", fk_schip_id, fk_boeking_id ) VALUES ( 'A02.002', 4, 55, 'suite', 'IMO-6342785', null);
INSERT INTO groep_66.kamer( kamer_id, capaciteit, prijs, "type", fk_schip_id, fk_boeking_id ) VALUES ( 'A02.003', 2, 33, 'balkon', 'IMO-6342785', null);
INSERT INTO groep_66.kamer( kamer_id, capaciteit, prijs, "type", fk_schip_id, fk_boeking_id ) VALUES ( 'A02.004', 4, 57, 'luxury', 'IMO-6342785', null);
INSERT INTO groep_66.kamer( kamer_id, capaciteit, prijs, "type", fk_schip_id, fk_boeking_id ) VALUES ( 'A02.005', 8, 148, 'deluxe', 'IMO-6342785', null);
INSERT INTO groep_66.kamer( kamer_id, capaciteit, prijs, "type", fk_schip_id, fk_boeking_id ) VALUES ( 'A02.006', 2, 40, 'suite', 'IMO-6342785', null);
INSERT INTO groep_66.kamer( kamer_id, capaciteit, prijs, "type", fk_schip_id, fk_boeking_id ) VALUES ( 'A02.007', 4, 59, 'familie', 'IMO-6342785', null);
INSERT INTO groep_66.kamer( kamer_id, capaciteit, prijs, "type", fk_schip_id, fk_boeking_id ) VALUES ( 'A02.008', 2, 35, 'balkon', 'IMO-6342785', null);
INSERT INTO groep_66.kamer( kamer_id, capaciteit, prijs, "type", fk_schip_id, fk_boeking_id ) VALUES ( 'A02.009', 8, 150, 'luxury', 'IMO-6342785', null);
INSERT INTO groep_66.kamer( kamer_id, capaciteit, prijs, "type", fk_schip_id, fk_boeking_id ) VALUES ( 'A02.010', 4, 60, 'suite', 'IMO-6342785', null);
INSERT INTO groep_66.kamer( kamer_id, capaciteit, prijs, "type", fk_schip_id, fk_boeking_id ) VALUES ( 'A03.001', 2, 42, 'balkon', 'IMO-6342785', null);
INSERT INTO groep_66.kamer( kamer_id, capaciteit, prijs, "type", fk_schip_id, fk_boeking_id ) VALUES ( 'A03.002', 4, 61, 'luxury', 'IMO-6342785', null);
INSERT INTO groep_66.kamer( kamer_id, capaciteit, prijs, "type", fk_schip_id, fk_boeking_id ) VALUES ( 'A03.004', 4, 62, 'familie', 'IMO-6342785', null);
INSERT INTO groep_66.kamer( kamer_id, capaciteit, prijs, "type", fk_schip_id, fk_boeking_id ) VALUES ( 'A03.005', 8, 156, 'luxury', 'IMO-6342785', null);
INSERT INTO groep_66.kamer( kamer_id, capaciteit, prijs, "type", fk_schip_id, fk_boeking_id ) VALUES ( 'A03.006', 4, 64, 'suite', 'IMO-6342785', null);
INSERT INTO groep_66.kamer( kamer_id, capaciteit, prijs, "type", fk_schip_id, fk_boeking_id ) VALUES ( 'A03.007', 2, 41, 'luxury', 'IMO-6342785', null);
INSERT INTO groep_66.kamer( kamer_id, capaciteit, prijs, "type", fk_schip_id, fk_boeking_id ) VALUES ( 'A03.008', 4, 65, 'suite', 'IMO-6342785', null);
INSERT INTO groep_66.kamer( kamer_id, capaciteit, prijs, "type", fk_schip_id, fk_boeking_id ) VALUES ( 'A03.009', 8, 160, 'deluxe', 'IMO-6342785', null);
INSERT INTO groep_66.kamer( kamer_id, capaciteit, prijs, "type", fk_schip_id, fk_boeking_id ) VALUES ( 'A03.010', 2, 43, 'balkon', 'IMO-6342785', null);
INSERT INTO groep_66.kamer( kamer_id, capaciteit, prijs, "type", fk_schip_id, fk_boeking_id ) VALUES ( 'B00.001', 4, 56, 'suite', 'IMO-6342785', null);
INSERT INTO groep_66.kamer( kamer_id, capaciteit, prijs, "type", fk_schip_id, fk_boeking_id ) VALUES ( 'B00.002', 2, 32, 'balkon', 'IMO-6342785', null);
INSERT INTO groep_66.kamer( kamer_id, capaciteit, prijs, "type", fk_schip_id, fk_boeking_id ) VALUES ( 'B00.003', 8, 140, 'luxury', 'IMO-6342785', null);
INSERT INTO groep_66.kamer( kamer_id, capaciteit, prijs, "type", fk_schip_id, fk_boeking_id ) VALUES ( 'B00.004', 4, 52, 'familie', 'IMO-6342785', null);
INSERT INTO groep_66.kamer( kamer_id, capaciteit, prijs, "type", fk_schip_id, fk_boeking_id ) VALUES ( 'B00.005', 2, 36, 'suite', 'IMO-6342785', null);
INSERT INTO groep_66.kamer( kamer_id, capaciteit, prijs, "type", fk_schip_id, fk_boeking_id ) VALUES ( 'B00.006', 4, 54, 'luxury', 'IMO-6342785', null);
INSERT INTO groep_66.kamer( kamer_id, capaciteit, prijs, "type", fk_schip_id, fk_boeking_id ) VALUES ( 'B00.007', 2, 31, 'balkon', 'IMO-6342785', null);
INSERT INTO groep_66.kamer( kamer_id, capaciteit, prijs, "type", fk_schip_id, fk_boeking_id ) VALUES ( 'B00.008', 8, 148, 'deluxe', 'IMO-6342785', null);
INSERT INTO groep_66.kamer( kamer_id, capaciteit, prijs, "type", fk_schip_id, fk_boeking_id ) VALUES ( 'B00.009', 4, 58, 'suite', 'IMO-6342785', null);
INSERT INTO groep_66.kamer( kamer_id, capaciteit, prijs, "type", fk_schip_id, fk_boeking_id ) VALUES ( 'B00.010', 2, 33, 'balkon', 'IMO-6342785', null);
INSERT INTO groep_66.kamer( kamer_id, capaciteit, prijs, "type", fk_schip_id, fk_boeking_id ) VALUES ( 'B01.001', 8, 160, 'deluxe', 'IMO-6342785', null);
INSERT INTO groep_66.kamer( kamer_id, capaciteit, prijs, "type", fk_schip_id, fk_boeking_id ) VALUES ( 'B01.002', 2, 39, 'luxury', 'IMO-6342785', null);
INSERT INTO groep_66.kamer( kamer_id, capaciteit, prijs, "type", fk_schip_id, fk_boeking_id ) VALUES ( 'B01.004', 8, 150, 'luxury', 'IMO-6342785', null);
INSERT INTO groep_66.kamer( kamer_id, capaciteit, prijs, "type", fk_schip_id, fk_boeking_id ) VALUES ( 'B01.005', 2, 40, 'suite', 'IMO-6342785', null);
INSERT INTO groep_66.kamer( kamer_id, capaciteit, prijs, "type", fk_schip_id, fk_boeking_id ) VALUES ( 'B01.006', 4, 56, 'luxury', 'IMO-6342785', null);
INSERT INTO groep_66.kamer( kamer_id, capaciteit, prijs, "type", fk_schip_id, fk_boeking_id ) VALUES ( 'B01.007', 2, 34, 'balkon', 'IMO-6342785', null);
INSERT INTO groep_66.kamer( kamer_id, capaciteit, prijs, "type", fk_schip_id, fk_boeking_id ) VALUES ( 'B01.008', 4, 57, 'familie', 'IMO-6342785', null);
INSERT INTO groep_66.kamer( kamer_id, capaciteit, prijs, "type", fk_schip_id, fk_boeking_id ) VALUES ( 'B01.009', 8, 155, 'deluxe', 'IMO-6342785', null);
INSERT INTO groep_66.kamer( kamer_id, capaciteit, prijs, "type", fk_schip_id, fk_boeking_id ) VALUES ( 'B01.010', 2, 38, 'suite', 'IMO-6342785', null);
INSERT INTO groep_66.kamer( kamer_id, capaciteit, prijs, "type", fk_schip_id, fk_boeking_id ) VALUES ( 'B02.001', 8, 162, 'luxury', 'IMO-6342785', null);
INSERT INTO groep_66.kamer( kamer_id, capaciteit, prijs, "type", fk_schip_id, fk_boeking_id ) VALUES ( 'B02.002', 2, 37, 'suite', 'IMO-6342785', null);
INSERT INTO groep_66.kamer( kamer_id, capaciteit, prijs, "type", fk_schip_id, fk_boeking_id ) VALUES ( 'B02.003', 4, 55, 'familie', 'IMO-6342785', null);
INSERT INTO groep_66.kamer( kamer_id, capaciteit, prijs, "type", fk_schip_id, fk_boeking_id ) VALUES ( 'B02.004', 2, 32, 'balkon', 'IMO-6342785', null);
INSERT INTO groep_66.kamer( kamer_id, capaciteit, prijs, "type", fk_schip_id, fk_boeking_id ) VALUES ( 'B02.005', 8, 165, 'luxury', 'IMO-6342785', null);
INSERT INTO groep_66.kamer( kamer_id, capaciteit, prijs, "type", fk_schip_id, fk_boeking_id ) VALUES ( 'B02.006', 4, 59, 'suite', 'IMO-6342785', null);
INSERT INTO groep_66.kamer( kamer_id, capaciteit, prijs, "type", fk_schip_id, fk_boeking_id ) VALUES ( 'B02.007', 2, 33, 'balkon', 'IMO-6342785', null);
INSERT INTO groep_66.kamer( kamer_id, capaciteit, prijs, "type", fk_schip_id, fk_boeking_id ) VALUES ( 'B02.008', 4, 61, 'luxury', 'IMO-6342785', null);
INSERT INTO groep_66.kamer( kamer_id, capaciteit, prijs, "type", fk_schip_id, fk_boeking_id ) VALUES ( 'B02.009', 8, 168, 'deluxe', 'IMO-6342785', null);
INSERT INTO groep_66.kamer( kamer_id, capaciteit, prijs, "type", fk_schip_id, fk_boeking_id ) VALUES ( 'B03.001', 4, 63, 'suite', 'IMO-6342785', null);
INSERT INTO groep_66.kamer( kamer_id, capaciteit, prijs, "type", fk_schip_id, fk_boeking_id ) VALUES ( 'B03.002', 2, 35, 'balkon', 'IMO-6342785', null);
INSERT INTO groep_66.kamer( kamer_id, capaciteit, prijs, "type", fk_schip_id, fk_boeking_id ) VALUES ( 'B03.003', 8, 170, 'luxury', 'IMO-6342785', null);
INSERT INTO groep_66.kamer( kamer_id, capaciteit, prijs, "type", fk_schip_id, fk_boeking_id ) VALUES ( 'A00.001', 2, 35, 'balkon', 'IMO-7834521', null);
INSERT INTO groep_66.kamer( kamer_id, capaciteit, prijs, "type", fk_schip_id, fk_boeking_id ) VALUES ( 'A00.002', 4, 48, 'suite', 'IMO-7834521', null);
INSERT INTO groep_66.kamer( kamer_id, capaciteit, prijs, "type", fk_schip_id, fk_boeking_id ) VALUES ( 'A00.003', 2, 30, 'balkon', 'IMO-7834521', null);
INSERT INTO groep_66.kamer( kamer_id, capaciteit, prijs, "type", fk_schip_id, fk_boeking_id ) VALUES ( 'A00.004', 4, 52, 'familie', 'IMO-7834521', null);
INSERT INTO groep_66.kamer( kamer_id, capaciteit, prijs, "type", fk_schip_id, fk_boeking_id ) VALUES ( 'A00.005', 8, 128, 'familie', 'IMO-7834521', null);
INSERT INTO groep_66.kamer( kamer_id, capaciteit, prijs, "type", fk_schip_id, fk_boeking_id ) VALUES ( 'A00.006', 2, 38, 'luxury', 'IMO-7834521', null);
INSERT INTO groep_66.kamer( kamer_id, capaciteit, prijs, "type", fk_schip_id, fk_boeking_id ) VALUES ( 'A00.007', 4, 50, 'suite', 'IMO-7834521', null);
INSERT INTO groep_66.kamer( kamer_id, capaciteit, prijs, "type", fk_schip_id, fk_boeking_id ) VALUES ( 'A00.008', 2, 32, 'balkon', 'IMO-7834521', null);
INSERT INTO groep_66.kamer( kamer_id, capaciteit, prijs, "type", fk_schip_id, fk_boeking_id ) VALUES ( 'A00.009', 8, 136, 'luxury', 'IMO-7834521', null);
INSERT INTO groep_66.kamer( kamer_id, capaciteit, prijs, "type", fk_schip_id, fk_boeking_id ) VALUES ( 'A00.010', 4, 56, 'suite', 'IMO-7834521', null);
INSERT INTO groep_66.kamer( kamer_id, capaciteit, prijs, "type", fk_schip_id, fk_boeking_id ) VALUES ( 'A01.001', 2, 36, 'balkon', 'IMO-7834521', null);
INSERT INTO groep_66.kamer( kamer_id, capaciteit, prijs, "type", fk_schip_id, fk_boeking_id ) VALUES ( 'A01.002', 4, 50, 'familie', 'IMO-7834521', null);
INSERT INTO groep_66.kamer( kamer_id, capaciteit, prijs, "type", fk_schip_id, fk_boeking_id ) VALUES ( 'A01.004', 4, 54, 'luxury', 'IMO-7834521', null);
INSERT INTO groep_66.kamer( kamer_id, capaciteit, prijs, "type", fk_schip_id, fk_boeking_id ) VALUES ( 'A01.005', 8, 140, 'luxury', 'IMO-7834521', null);
INSERT INTO groep_66.kamer( kamer_id, capaciteit, prijs, "type", fk_schip_id, fk_boeking_id ) VALUES ( 'A01.006', 2, 39, 'suite', 'IMO-7834521', null);
INSERT INTO groep_66.kamer( kamer_id, capaciteit, prijs, "type", fk_schip_id, fk_boeking_id ) VALUES ( 'A01.007', 4, 53, 'familie', 'IMO-7834521', null);
INSERT INTO groep_66.kamer( kamer_id, capaciteit, prijs, "type", fk_schip_id, fk_boeking_id ) VALUES ( 'A01.008', 2, 34, 'balkon', 'IMO-7834521', null);
INSERT INTO groep_66.kamer( kamer_id, capaciteit, prijs, "type", fk_schip_id, fk_boeking_id ) VALUES ( 'A01.009', 8, 144, 'deluxe', 'IMO-7834521', null);
INSERT INTO groep_66.kamer( kamer_id, capaciteit, prijs, "type", fk_schip_id, fk_boeking_id ) VALUES ( 'A01.010', 4, 58, 'luxury', 'IMO-7834521', null);
INSERT INTO groep_66.kamer( kamer_id, capaciteit, prijs, "type", fk_schip_id, fk_boeking_id ) VALUES ( 'A02.001', 2, 37, 'luxury', 'IMO-7834521', null);
INSERT INTO groep_66.kamer( kamer_id, capaciteit, prijs, "type", fk_schip_id, fk_boeking_id ) VALUES ( 'A02.002', 4, 55, 'suite', 'IMO-7834521', null);
INSERT INTO groep_66.kamer( kamer_id, capaciteit, prijs, "type", fk_schip_id, fk_boeking_id ) VALUES ( 'A02.003', 2, 33, 'balkon', 'IMO-7834521', null);
INSERT INTO groep_66.kamer( kamer_id, capaciteit, prijs, "type", fk_schip_id, fk_boeking_id ) VALUES ( 'A02.004', 4, 57, 'luxury', 'IMO-7834521', null);
INSERT INTO groep_66.kamer( kamer_id, capaciteit, prijs, "type", fk_schip_id, fk_boeking_id ) VALUES ( 'A02.006', 2, 40, 'suite', 'IMO-7834521', null);
INSERT INTO groep_66.kamer( kamer_id, capaciteit, prijs, "type", fk_schip_id, fk_boeking_id ) VALUES ( 'A02.007', 4, 59, 'familie', 'IMO-7834521', null);
INSERT INTO groep_66.kamer( kamer_id, capaciteit, prijs, "type", fk_schip_id, fk_boeking_id ) VALUES ( 'A02.008', 2, 35, 'balkon', 'IMO-7834521', null);
INSERT INTO groep_66.kamer( kamer_id, capaciteit, prijs, "type", fk_schip_id, fk_boeking_id ) VALUES ( 'A02.009', 8, 150, 'luxury', 'IMO-7834521', null);
INSERT INTO groep_66.kamer( kamer_id, capaciteit, prijs, "type", fk_schip_id, fk_boeking_id ) VALUES ( 'A02.010', 4, 60, 'suite', 'IMO-7834521', null);
INSERT INTO groep_66.kamer( kamer_id, capaciteit, prijs, "type", fk_schip_id, fk_boeking_id ) VALUES ( 'A03.001', 2, 42, 'balkon', 'IMO-7834521', null);
INSERT INTO groep_66.kamer( kamer_id, capaciteit, prijs, "type", fk_schip_id, fk_boeking_id ) VALUES ( 'A03.002', 4, 61, 'luxury', 'IMO-7834521', null);
INSERT INTO groep_66.kamer( kamer_id, capaciteit, prijs, "type", fk_schip_id, fk_boeking_id ) VALUES ( 'A03.003', 2, 34, 'balkon', 'IMO-7834521', null);
INSERT INTO groep_66.kamer( kamer_id, capaciteit, prijs, "type", fk_schip_id, fk_boeking_id ) VALUES ( 'A03.004', 4, 62, 'familie', 'IMO-7834521', null);
INSERT INTO groep_66.kamer( kamer_id, capaciteit, prijs, "type", fk_schip_id, fk_boeking_id ) VALUES ( 'A03.006', 4, 64, 'suite', 'IMO-7834521', null);
INSERT INTO groep_66.kamer( kamer_id, capaciteit, prijs, "type", fk_schip_id, fk_boeking_id ) VALUES ( 'A03.007', 2, 41, 'luxury', 'IMO-7834521', null);
INSERT INTO groep_66.kamer( kamer_id, capaciteit, prijs, "type", fk_schip_id, fk_boeking_id ) VALUES ( 'A03.008', 4, 65, 'suite', 'IMO-7834521', null);
INSERT INTO groep_66.kamer( kamer_id, capaciteit, prijs, "type", fk_schip_id, fk_boeking_id ) VALUES ( 'A03.009', 8, 160, 'deluxe', 'IMO-7834521', null);
INSERT INTO groep_66.kamer( kamer_id, capaciteit, prijs, "type", fk_schip_id, fk_boeking_id ) VALUES ( 'A03.010', 2, 43, 'balkon', 'IMO-7834521', null);
INSERT INTO groep_66.kamer( kamer_id, capaciteit, prijs, "type", fk_schip_id, fk_boeking_id ) VALUES ( 'B00.001', 4, 56, 'suite', 'IMO-7834521', null);
INSERT INTO groep_66.kamer( kamer_id, capaciteit, prijs, "type", fk_schip_id, fk_boeking_id ) VALUES ( 'B00.002', 2, 32, 'balkon', 'IMO-7834521', null);
INSERT INTO groep_66.kamer( kamer_id, capaciteit, prijs, "type", fk_schip_id, fk_boeking_id ) VALUES ( 'B00.003', 8, 140, 'luxury', 'IMO-7834521', null);
INSERT INTO groep_66.kamer( kamer_id, capaciteit, prijs, "type", fk_schip_id, fk_boeking_id ) VALUES ( 'B00.004', 4, 52, 'familie', 'IMO-7834521', null);
INSERT INTO groep_66.kamer( kamer_id, capaciteit, prijs, "type", fk_schip_id, fk_boeking_id ) VALUES ( 'B00.005', 2, 36, 'suite', 'IMO-7834521', null);
INSERT INTO groep_66.kamer( kamer_id, capaciteit, prijs, "type", fk_schip_id, fk_boeking_id ) VALUES ( 'B00.006', 4, 54, 'luxury', 'IMO-7834521', null);
INSERT INTO groep_66.kamer( kamer_id, capaciteit, prijs, "type", fk_schip_id, fk_boeking_id ) VALUES ( 'B00.007', 2, 31, 'balkon', 'IMO-7834521', null);
INSERT INTO groep_66.kamer( kamer_id, capaciteit, prijs, "type", fk_schip_id, fk_boeking_id ) VALUES ( 'B00.008', 8, 148, 'deluxe', 'IMO-7834521', null);
INSERT INTO groep_66.kamer( kamer_id, capaciteit, prijs, "type", fk_schip_id, fk_boeking_id ) VALUES ( 'B00.009', 4, 58, 'suite', 'IMO-7834521', null);
INSERT INTO groep_66.kamer( kamer_id, capaciteit, prijs, "type", fk_schip_id, fk_boeking_id ) VALUES ( 'B00.010', 2, 33, 'balkon', 'IMO-7834521', null);
INSERT INTO groep_66.kamer( kamer_id, capaciteit, prijs, "type", fk_schip_id, fk_boeking_id ) VALUES ( 'B01.001', 8, 160, 'deluxe', 'IMO-7834521', null);
INSERT INTO groep_66.kamer( kamer_id, capaciteit, prijs, "type", fk_schip_id, fk_boeking_id ) VALUES ( 'B01.002', 2, 39, 'luxury', 'IMO-7834521', null);
INSERT INTO groep_66.kamer( kamer_id, capaciteit, prijs, "type", fk_schip_id, fk_boeking_id ) VALUES ( 'B01.003', 4, 60, 'familie', 'IMO-7834521', null);
INSERT INTO groep_66.kamer( kamer_id, capaciteit, prijs, "type", fk_schip_id, fk_boeking_id ) VALUES ( 'B01.004', 8, 150, 'luxury', 'IMO-7834521', null);
INSERT INTO groep_66.kamer( kamer_id, capaciteit, prijs, "type", fk_schip_id, fk_boeking_id ) VALUES ( 'B01.005', 2, 40, 'suite', 'IMO-7834521', null);
INSERT INTO groep_66.kamer( kamer_id, capaciteit, prijs, "type", fk_schip_id, fk_boeking_id ) VALUES ( 'B01.006', 4, 56, 'luxury', 'IMO-7834521', null);
INSERT INTO groep_66.kamer( kamer_id, capaciteit, prijs, "type", fk_schip_id, fk_boeking_id ) VALUES ( 'B01.007', 2, 34, 'balkon', 'IMO-7834521', null);
INSERT INTO groep_66.kamer( kamer_id, capaciteit, prijs, "type", fk_schip_id, fk_boeking_id ) VALUES ( 'B01.008', 4, 57, 'familie', 'IMO-7834521', null);
INSERT INTO groep_66.kamer( kamer_id, capaciteit, prijs, "type", fk_schip_id, fk_boeking_id ) VALUES ( 'B01.009', 8, 155, 'deluxe', 'IMO-7834521', null);
INSERT INTO groep_66.kamer( kamer_id, capaciteit, prijs, "type", fk_schip_id, fk_boeking_id ) VALUES ( 'B01.010', 2, 38, 'suite', 'IMO-7834521', null);
INSERT INTO groep_66.kamer( kamer_id, capaciteit, prijs, "type", fk_schip_id, fk_boeking_id ) VALUES ( 'B02.001', 8, 162, 'luxury', 'IMO-7834521', null);
INSERT INTO groep_66.kamer( kamer_id, capaciteit, prijs, "type", fk_schip_id, fk_boeking_id ) VALUES ( 'B02.002', 2, 37, 'suite', 'IMO-7834521', null);
INSERT INTO groep_66.kamer( kamer_id, capaciteit, prijs, "type", fk_schip_id, fk_boeking_id ) VALUES ( 'B02.003', 4, 55, 'familie', 'IMO-7834521', null);
INSERT INTO groep_66.kamer( kamer_id, capaciteit, prijs, "type", fk_schip_id, fk_boeking_id ) VALUES ( 'B01.003', 4, 60, 'familie', 'IMO-6342785', 'GEZIN_MX.78-4');
INSERT INTO groep_66.kamer( kamer_id, capaciteit, prijs, "type", fk_schip_id, fk_boeking_id ) VALUES ( 'A00.002', 4, 48, 'suite', 'IMO-6342785', 'GEZIN_BN.34-4');
INSERT INTO groep_66.kamer( kamer_id, capaciteit, prijs, "type", fk_schip_id, fk_boeking_id ) VALUES ( 'A00.006', 2, 38, 'luxury', 'IMO-6342785', 'ROMAN_PW.67-2');
INSERT INTO groep_66.kamer( kamer_id, capaciteit, prijs, "type", fk_schip_id, fk_boeking_id ) VALUES ( 'A03.005', 8, 156, 'luxury', 'IMO-7834521', 'EXTRA_UV.89-8');
INSERT INTO groep_66.kamer( kamer_id, capaciteit, prijs, "type", fk_schip_id, fk_boeking_id ) VALUES ( 'A02.005', 8, 148, 'deluxe', 'IMO-7834521', 'EXTRA_QD.23-8');
INSERT INTO groep_66.kamer( kamer_id, capaciteit, prijs, "type", fk_schip_id, fk_boeking_id ) VALUES ( 'B02.005', 8, 165, 'luxury', 'IMO-7834521', null);
INSERT INTO groep_66.kamer( kamer_id, capaciteit, prijs, "type", fk_schip_id, fk_boeking_id ) VALUES ( 'B02.006', 4, 59, 'suite', 'IMO-7834521', null);
INSERT INTO groep_66.kamer( kamer_id, capaciteit, prijs, "type", fk_schip_id, fk_boeking_id ) VALUES ( 'B02.007', 2, 33, 'balkon', 'IMO-7834521', null);
INSERT INTO groep_66.kamer( kamer_id, capaciteit, prijs, "type", fk_schip_id, fk_boeking_id ) VALUES ( 'B02.008', 4, 61, 'luxury', 'IMO-7834521', null);
INSERT INTO groep_66.kamer( kamer_id, capaciteit, prijs, "type", fk_schip_id, fk_boeking_id ) VALUES ( 'B02.009', 8, 168, 'deluxe', 'IMO-7834521', null);
INSERT INTO groep_66.kamer( kamer_id, capaciteit, prijs, "type", fk_schip_id, fk_boeking_id ) VALUES ( 'B03.001', 4, 63, 'suite', 'IMO-7834521', null);
INSERT INTO groep_66.kamer( kamer_id, capaciteit, prijs, "type", fk_schip_id, fk_boeking_id ) VALUES ( 'B03.002', 2, 35, 'balkon', 'IMO-7834521', null);
INSERT INTO groep_66.kamer( kamer_id, capaciteit, prijs, "type", fk_schip_id, fk_boeking_id ) VALUES ( 'B03.003', 8, 170, 'luxury', 'IMO-7834521', null);
INSERT INTO groep_66.kamer( kamer_id, capaciteit, prijs, "type", fk_schip_id, fk_boeking_id ) VALUES ( 'B03.004', 2, 41, 'suite', 'IMO-7834521', null);
INSERT INTO groep_66.kamer( kamer_id, capaciteit, prijs, "type", fk_schip_id, fk_boeking_id ) VALUES ( 'A00.001', 2, 34, 'balkon', 'IMO-5912738', null);
INSERT INTO groep_66.kamer( kamer_id, capaciteit, prijs, "type", fk_schip_id, fk_boeking_id ) VALUES ( 'A00.003', 2, 30, 'balkon', 'IMO-5912738', null);
INSERT INTO groep_66.kamer( kamer_id, capaciteit, prijs, "type", fk_schip_id, fk_boeking_id ) VALUES ( 'A01.002', 2, 36, 'balkon', 'IMO-5912738', null);
INSERT INTO groep_66.kamer( kamer_id, capaciteit, prijs, "type", fk_schip_id, fk_boeking_id ) VALUES ( 'B00.001', 2, 33, 'luxury', 'IMO-5912738', null);
INSERT INTO groep_66.kamer( kamer_id, capaciteit, prijs, "type", fk_schip_id, fk_boeking_id ) VALUES ( 'B00.002', 8, 120, 'deluxe', 'IMO-5912738', null);
INSERT INTO groep_66.kamer( kamer_id, capaciteit, prijs, "type", fk_schip_id, fk_boeking_id ) VALUES ( 'B01.001', 4, 50, 'familie', 'IMO-5912738', null);
INSERT INTO groep_66.kamer( kamer_id, capaciteit, prijs, "type", fk_schip_id, fk_boeking_id ) VALUES ( 'C00.001', 2, 32, 'suite', 'IMO-5912738', null);
INSERT INTO groep_66.kamer( kamer_id, capaciteit, prijs, "type", fk_schip_id, fk_boeking_id ) VALUES ( 'C01.001', 8, 130, 'luxury', 'IMO-5912738', null);
INSERT INTO groep_66.kamer( kamer_id, capaciteit, prijs, "type", fk_schip_id, fk_boeking_id ) VALUES ( 'D00.001', 4, 58, 'balkon', 'IMO-5912738', null);
INSERT INTO groep_66.kamer( kamer_id, capaciteit, prijs, "type", fk_schip_id, fk_boeking_id ) VALUES ( 'D00.002', 2, 35, 'suite', 'IMO-5912738', null);
INSERT INTO groep_66.kamer( kamer_id, capaciteit, prijs, "type", fk_schip_id, fk_boeking_id ) VALUES ( 'D01.001', 8, 125, 'deluxe', 'IMO-5912738', null);
INSERT INTO groep_66.kamer( kamer_id, capaciteit, prijs, "type", fk_schip_id, fk_boeking_id ) VALUES ( 'E00.001', 2, 31, 'balkon', 'IMO-5912738', null);
INSERT INTO groep_66.kamer( kamer_id, capaciteit, prijs, "type", fk_schip_id, fk_boeking_id ) VALUES ( 'E00.002', 4, 60, 'luxury', 'IMO-5912738', null);
INSERT INTO groep_66.kamer( kamer_id, capaciteit, prijs, "type", fk_schip_id, fk_boeking_id ) VALUES ( 'E01.001', 4, 62, 'familie', 'IMO-5912738', null);
INSERT INTO groep_66.kamer( kamer_id, capaciteit, prijs, "type", fk_schip_id, fk_boeking_id ) VALUES ( 'F00.002', 4, 53, 'luxury', 'IMO-5912738', null);
INSERT INTO groep_66.kamer( kamer_id, capaciteit, prijs, "type", fk_schip_id, fk_boeking_id ) VALUES ( 'F01.001', 8, 140, 'deluxe', 'IMO-5912738', null);
INSERT INTO groep_66.kamer( kamer_id, capaciteit, prijs, "type", fk_schip_id, fk_boeking_id ) VALUES ( 'G00.001', 2, 34, 'balkon', 'IMO-5912738', null);
INSERT INTO groep_66.kamer( kamer_id, capaciteit, prijs, "type", fk_schip_id, fk_boeking_id ) VALUES ( 'G01.001', 4, 57, 'luxury', 'IMO-5912738', null);
INSERT INTO groep_66.kamer( kamer_id, capaciteit, prijs, "type", fk_schip_id, fk_boeking_id ) VALUES ( 'A00.002', 4, 48, 'luxury', 'IMO-5912738', 'GEZIN_AW.67-4');
INSERT INTO groep_66.kamer( kamer_id, capaciteit, prijs, "type", fk_schip_id, fk_boeking_id ) VALUES ( 'C00.002', 4, 52, 'luxury', 'IMO-5912738', 'GEZIN_IV.90-4');
INSERT INTO groep_66.kamer( kamer_id, capaciteit, prijs, "type", fk_schip_id, fk_boeking_id ) VALUES ( 'B01.002', 2, 38, 'balkon', 'IMO-5912738', 'ROMAN_RP.56-2');
INSERT INTO groep_66.kamer( kamer_id, capaciteit, prijs, "type", fk_schip_id, fk_boeking_id ) VALUES ( 'A01.001', 4, 55, 'suite', 'IMO-5912738', 'GEZIN_KJ.89-4');
INSERT INTO groep_66.kamer( kamer_id, capaciteit, prijs, "type", fk_schip_id, fk_boeking_id ) VALUES ( 'F00.001', 2, 37, 'suite', 'IMO-5912738', 'ROMAN_EY.12-2');
INSERT INTO groep_66.kamer( kamer_id, capaciteit, prijs, "type", fk_schip_id, fk_boeking_id ) VALUES ( 'A03.003', 2, 34, 'balkon', 'IMO-6342785', 'ROMAN_HZ.78-2');
INSERT INTO groep_66.kamer( kamer_id, capaciteit, prijs, "type", fk_schip_id, fk_boeking_id ) VALUES ( 'B02.010', 2, 34, 'suite', 'IMO-6342785', 'ROMAN_SK.45-2');
INSERT INTO groep_66.kamer( kamer_id, capaciteit, prijs, "type", fk_schip_id, fk_boeking_id ) VALUES ( 'A01.003', 2, 31, 'balkon', 'IMO-7834521', 'ENKEL_FM.56-1');
INSERT INTO groep_66.kamer( kamer_id, capaciteit, prijs, "type", fk_schip_id, fk_boeking_id ) VALUES ( 'B02.010', 2, 34, 'suite', 'IMO-7834521', 'ENKEL_YG.45-1');
INSERT INTO groep_66.kamer( kamer_id, capaciteit, prijs, "type", fk_schip_id, fk_boeking_id ) VALUES ( 'B02.004', 2, 32, 'balkon', 'IMO-7834521', 'ENKEL_LB.23-1');


INSERT INTO groep_66.passagier( passagier_id, geslacht, naam, voornaam, email, geboortedatum, nationaliteit, fk_boeking_id ) VALUES ( 'PS-12AB', 'M', 'Janssen', 'Jan', 'jan.janssen1985@gmail.com', '1990-05-12', 'NL', 'ENKEL_LB.23-1');
INSERT INTO groep_66.passagier( passagier_id, geslacht, naam, voornaam, email, geboortedatum, nationaliteit, fk_boeking_id ) VALUES ( 'PS-56EF', 'M', 'de Vries', 'Mark', 'mark.devries34@gmail.com', '1987-03-30', 'BE', 'ROMAN_SK.45-2');
INSERT INTO groep_66.passagier( passagier_id, geslacht, naam, voornaam, email, geboortedatum, nationaliteit, fk_boeking_id ) VALUES ( 'PS-78GH', 'F', 'Bakker', 'Sophie', 'sophie_bakker56@hotmail.com', '1993-11-18', 'BE', 'ROMAN_SK.45-2');
INSERT INTO groep_66.passagier( passagier_id, geslacht, naam, voornaam, email, geboortedatum, nationaliteit, fk_boeking_id ) VALUES ( 'PS-90IJ', 'M', 'van der Meer', 'Tom', 'tom.vandermeer76@gmail.com', '1995-08-09', 'NL', 'GEZIN_AW.67-4');
INSERT INTO groep_66.passagier( passagier_id, geslacht, naam, voornaam, email, geboortedatum, nationaliteit, fk_boeking_id ) VALUES ( 'PS-12KL', 'X', 'Koster', 'Sam', 'sam.koster88@gmail.com', '1989-02-14', 'NL', 'GEZIN_AW.67-4');
INSERT INTO groep_66.passagier( passagier_id, geslacht, naam, voornaam, email, geboortedatum, nationaliteit, fk_boeking_id ) VALUES ( 'PS-34MN', 'M', 'Brouwer', 'Mark', 'm.brouwer90@hotmail.com', '1980-10-25', 'NL', 'GEZIN_AW.67-4');
INSERT INTO groep_66.passagier( passagier_id, geslacht, naam, voornaam, email, geboortedatum, nationaliteit, fk_boeking_id ) VALUES ( 'PS-56OP', 'F', 'Huisman', 'Eva', 'eva.huisman57@gmail.com', '1992-04-17', 'NL', 'GEZIN_AW.67-4');
INSERT INTO groep_66.passagier( passagier_id, geslacht, naam, voornaam, email, geboortedatum, nationaliteit, fk_boeking_id ) VALUES ( 'PS-12UW', 'M', 'Peters', 'Koen', 'koen.peters21@gmail.com', '1983-01-15', 'DE', 'EXTRA_UV.89-8');
INSERT INTO groep_66.passagier( passagier_id, geslacht, naam, voornaam, email, geboortedatum, nationaliteit, fk_boeking_id ) VALUES ( 'PS-34WX', 'F', 'Lammers', 'Linda', 'linda.lammers68@gmail.com', '1990-07-08', 'DE', 'EXTRA_UV.89-8');
INSERT INTO groep_66.passagier( passagier_id, geslacht, naam, voornaam, email, geboortedatum, nationaliteit, fk_boeking_id ) VALUES ( 'PS-56YZ', 'M', 'Bakker', 'Kevin', 'kevin.bakker29@hotmail.com', '1995-03-02', 'DE', 'EXTRA_UV.89-8');
INSERT INTO groep_66.passagier( passagier_id, geslacht, naam, voornaam, email, geboortedatum, nationaliteit, fk_boeking_id ) VALUES ( 'PS-78AB', 'F', 'Jansen', 'Laura', 'laura.jansen101@hotmail.com', '1992-10-14', 'DE', 'EXTRA_UV.89-8');
INSERT INTO groep_66.passagier( passagier_id, geslacht, naam, voornaam, email, geboortedatum, nationaliteit, fk_boeking_id ) VALUES ( 'PS-90CD', 'M', 'Hendriks', 'Daan', 'daan.hendriks45@gmail.com', '1988-01-26', 'DE', 'EXTRA_UV.89-8');
INSERT INTO groep_66.passagier( passagier_id, geslacht, naam, voornaam, email, geboortedatum, nationaliteit, fk_boeking_id ) VALUES ( 'PS-12EF', 'F', 'Verschuur', 'Lisa', 'lisa.verschuur13@gmail.com', '1987-04-12', 'DE', 'EXTRA_UV.89-8');
INSERT INTO groep_66.passagier( passagier_id, geslacht, naam, voornaam, email, geboortedatum, nationaliteit, fk_boeking_id ) VALUES ( 'PS-34GH', 'M', 'Hofman', 'Rik', 'rik.hofman30@hotmail.com', '1991-06-29', 'BE', 'ROMAN_EY.12-2');
INSERT INTO groep_66.passagier( passagier_id, geslacht, naam, voornaam, email, geboortedatum, nationaliteit, fk_boeking_id ) VALUES ( 'PS-56IJ', 'F', 'Meijer', 'Charlotte', 'charlottemeijer25@gmail.com', '1994-09-10', 'NL', 'ROMAN_EY.12-2');
INSERT INTO groep_66.passagier( passagier_id, geslacht, naam, voornaam, email, geboortedatum, nationaliteit, fk_boeking_id ) VALUES ( 'PS-12OP', 'M', 'Willems', 'Ludo', 'ludo.willems12@gmail.com', '1996-05-21', 'NL', 'GEZIN_BN.34-4');
INSERT INTO groep_66.passagier( passagier_id, geslacht, naam, voornaam, email, geboortedatum, nationaliteit, fk_boeking_id ) VALUES ( 'PS-34QR', 'F', 'Haan', 'Yvonne', 'yvonne.haan47@telenet.be', '1984-09-14', 'BE', 'GEZIN_BN.34-4');
INSERT INTO groep_66.passagier( passagier_id, geslacht, naam, voornaam, email, geboortedatum, nationaliteit, fk_boeking_id ) VALUES ( 'PS-56ST', 'M', 'Westerhof', 'Bert', 'bert.westerhof91@hotmail.com', '1992-08-10', 'BE', 'GEZIN_BN.34-4');
INSERT INTO groep_66.passagier( passagier_id, geslacht, naam, voornaam, email, geboortedatum, nationaliteit, fk_boeking_id ) VALUES ( 'PS-78UV', 'F', 'Groot', 'Monique', 'monique.groot92@telenet.be', '1987-02-26', 'NL', 'ROMAN_HZ.78-2');
INSERT INTO groep_66.passagier( passagier_id, geslacht, naam, voornaam, email, geboortedatum, nationaliteit, fk_boeking_id ) VALUES ( 'PS-90WX', 'M', 'Vermeulen', 'Mark', 'mark.vermeulen10@gmail.com', '1990-03-09', 'DE', 'ROMAN_HZ.78-2');
INSERT INTO groep_66.passagier( passagier_id, geslacht, naam, voornaam, email, geboortedatum, nationaliteit, fk_boeking_id ) VALUES ( 'PS-56CD', 'X', 'Jansen', 'Kim', 'kim.jansen88@telenet.be', '1994-09-10', 'DE', 'GEZIN_IV.90-4');
INSERT INTO groep_66.passagier( passagier_id, geslacht, naam, voornaam, email, geboortedatum, nationaliteit, fk_boeking_id ) VALUES ( 'PS-78EF', 'M', 'van der Veen', 'Koen', 'koen.vanderveen30@telenet.be', '1987-03-05', 'BE', 'GEZIN_IV.90-4');
INSERT INTO groep_66.passagier( passagier_id, geslacht, naam, voornaam, email, geboortedatum, nationaliteit, fk_boeking_id ) VALUES ( 'PS-90GH', 'F', 'Linden', 'Ilse', 'ilse.linden72@gmail.com', '1988-11-21', 'NL', 'GEZIN_IV.90-4');
INSERT INTO groep_66.passagier( passagier_id, geslacht, naam, voornaam, email, geboortedatum, nationaliteit, fk_boeking_id ) VALUES ( 'PS-12IJ', 'M', 'Bos', 'Rik', 'rik.bos99@hotmail.com', '1992-06-09', 'BE', 'GEZIN_IV.90-4');
INSERT INTO groep_66.passagier( passagier_id, geslacht, naam, voornaam, email, geboortedatum, nationaliteit, fk_boeking_id ) VALUES ( 'PS-34KL', 'F', 'Koning', 'Lotte', 'lotte.koning19@telenet.be', '1990-04-16', 'DE', 'EXTRA_QD.23-8');
INSERT INTO groep_66.passagier( passagier_id, geslacht, naam, voornaam, email, geboortedatum, nationaliteit, fk_boeking_id ) VALUES ( 'PS-56MN', 'M', 'Evers', 'Jeroen', 'jeroen.evers45@gmail.com', '1995-12-02', 'NL', 'EXTRA_QD.23-8');
INSERT INTO groep_66.passagier( passagier_id, geslacht, naam, voornaam, email, geboortedatum, nationaliteit, fk_boeking_id ) VALUES ( 'PS-78OP', 'F', 'Scholten', 'Carla', 'carla.scholten26@hotmail.com', '1993-01-14', 'BE', 'EXTRA_QD.23-8');
INSERT INTO groep_66.passagier( passagier_id, geslacht, naam, voornaam, email, geboortedatum, nationaliteit, fk_boeking_id ) VALUES ( 'PS-90QR', 'M', 'Meyer', 'Hans', 'hans.meyer12@telenet.be', '1991-11-29', 'NL', 'EXTRA_QD.23-8');
INSERT INTO groep_66.passagier( passagier_id, geslacht, naam, voornaam, email, geboortedatum, nationaliteit, fk_boeking_id ) VALUES ( 'PS-12ST', 'F', 'Bakker', 'Kirsten', 'kirsten.bakker14@hotmail.com', '1989-07-18', 'DE', 'EXTRA_QD.23-8');
INSERT INTO groep_66.passagier( passagier_id, geslacht, naam, voornaam, email, geboortedatum, nationaliteit, fk_boeking_id ) VALUES ( 'PS-34UV', 'M', 'Cramer', 'Leon', 'leon.cramer55@gmail.com', '1994-10-05', 'BE', 'EXTRA_QD.23-8');
INSERT INTO groep_66.passagier( passagier_id, geslacht, naam, voornaam, email, geboortedatum, nationaliteit, fk_boeking_id ) VALUES ( 'PS-56WX', 'F', 'Kramer', 'Eva', 'eva.kramer29@gmail.com', '1990-03-22', 'NL', 'EXTRA_QD.23-8');
INSERT INTO groep_66.passagier( passagier_id, geslacht, naam, voornaam, email, geboortedatum, nationaliteit, fk_boeking_id ) VALUES ( 'PS-12CB', 'M', 'Vanyvel', 'Erik', 'yvel.erik@gmail.com', '1990-05-12', 'NL', 'GEZIN_MX.78-4');
INSERT INTO groep_66.passagier( passagier_id, geslacht, naam, voornaam, email, geboortedatum, nationaliteit, fk_boeking_id ) VALUES ( 'PS-34CD', 'F', 'Smit', 'Anna', 'anna.smit23@hotmail.com', '1985-07-22', 'BE', 'GEZIN_MX.78-4');
INSERT INTO groep_66.passagier( passagier_id, geslacht, naam, voornaam, email, geboortedatum, nationaliteit, fk_boeking_id ) VALUES ( 'PS-56GF', 'M', 'Hansen', 'Hans', 'h.hans@gmail.com', '1987-03-30', 'NL', 'ENKEL_YG.45-1');
INSERT INTO groep_66.passagier( passagier_id, geslacht, naam, voornaam, email, geboortedatum, nationaliteit, fk_boeking_id ) VALUES ( 'PS-34PN', 'M', 'Brouwer', 'Joris', 'jorisbrouwer100@hotmail.com', '1980-10-25', 'NL', 'ROMAN_PW.67-2');
INSERT INTO groep_66.passagier( passagier_id, geslacht, naam, voornaam, email, geboortedatum, nationaliteit, fk_boeking_id ) VALUES ( 'PS-59OP', 'F', 'Huisman', 'Luna', 'Luna.huisman57@gmail.com', '1992-04-17', 'NL', 'ROMAN_PW.67-2');
INSERT INTO groep_66.passagier( passagier_id, geslacht, naam, voornaam, email, geboortedatum, nationaliteit, fk_boeking_id ) VALUES ( 'PS-78QR', 'M', 'van Dijk', 'Lars', 'larsvandijk38@hotmail.com', '1986-09-30', 'NL', 'GEZIN_KJ.89-4');
INSERT INTO groep_66.passagier( passagier_id, geslacht, naam, voornaam, email, geboortedatum, nationaliteit, fk_boeking_id ) VALUES ( 'PS-90ST', 'F', 'Visser', 'Emma', 'emma.visser92@hotmail.com', '1994-12-06', 'BE', 'GEZIN_KJ.89-4');
INSERT INTO groep_66.passagier( passagier_id, geslacht, naam, voornaam, email, geboortedatum, nationaliteit, fk_boeking_id ) VALUES ( 'PS-12UV', 'M', 'De Gelas', 'Jari', 'jdg06@gmail.com', '1983-01-15', 'BE', 'GEZIN_KJ.89-4');
INSERT INTO groep_66.passagier( passagier_id, geslacht, naam, voornaam, email, geboortedatum, nationaliteit, fk_boeking_id ) VALUES ( 'PS-34XX', 'F', 'Lammers', 'Lisa', 'lisa.lammers68@gmail.com', '1990-07-08', 'DE', 'GEZIN_KJ.89-4');
INSERT INTO groep_66.passagier( passagier_id, geslacht, naam, voornaam, email, geboortedatum, nationaliteit, fk_boeking_id ) VALUES ( 'PS-72AB', 'M', 'Jaap', 'Jan', 'janjaap@gmail.com', '1990-05-12', 'NL', 'ROMAN_RP.56-2');
INSERT INTO groep_66.passagier( passagier_id, geslacht, naam, voornaam, email, geboortedatum, nationaliteit, fk_boeking_id ) VALUES ( 'PS-38SD', 'F', 'Smit', 'Anne', 'anne.smit21@hotmail.com', '1985-07-22', 'BE', 'ROMAN_RP.56-2');
INSERT INTO groep_66.passagier( passagier_id, geslacht, naam, voornaam, email, geboortedatum, nationaliteit, fk_boeking_id ) VALUES ( 'PS-51PF', 'M', 'Douglas', 'Bart', 'Bdouglas@gmail.com', '1987-03-30', 'NL', 'ENKEL_FM.56-1');


UPDATE groep_66.boeking SET fk_passagier_id = 'PS-12AB' WHERE boeking_id = 'ENKEL_LB.23-1';
UPDATE groep_66.boeking SET fk_passagier_id = 'PS-56EF' WHERE boeking_id = 'ROMAN_SK.45-2';
UPDATE groep_66.boeking SET fk_passagier_id = 'PS-90IJ' WHERE boeking_id = 'GEZIN_AW.67-4';
UPDATE groep_66.boeking SET fk_passagier_id = 'PS-12UW' WHERE boeking_id = 'EXTRA_UV.89-8';
UPDATE groep_66.boeking SET fk_passagier_id = 'PS-34GH' WHERE boeking_id = 'ROMAN_EY.12-2';
UPDATE groep_66.boeking SET fk_passagier_id = 'PS-12OP' WHERE boeking_id = 'GEZIN_BN.34-4';
UPDATE groep_66.boeking SET fk_passagier_id = 'PS-51PF' WHERE boeking_id = 'ENKEL_FM.56-1';
UPDATE groep_66.boeking SET fk_passagier_id = 'PS-78UV' WHERE boeking_id = 'ROMAN_HZ.78-2';
UPDATE groep_66.boeking SET fk_passagier_id = 'PS-56CD' WHERE boeking_id = 'GEZIN_IV.90-4';
UPDATE groep_66.boeking SET fk_passagier_id = 'PS-34KL' WHERE boeking_id = 'EXTRA_QD.23-8';
UPDATE groep_66.boeking SET fk_passagier_id = 'PS-72AB' WHERE boeking_id = 'ROMAN_RP.56-2';
UPDATE groep_66.boeking SET fk_passagier_id = 'PS-12CB' WHERE boeking_id = 'GEZIN_MX.78-4';
UPDATE groep_66.boeking SET fk_passagier_id = 'PS-56GF' WHERE boeking_id = 'ENKEL_YG.45-1';
UPDATE groep_66.boeking SET fk_passagier_id = 'PS-34PN' WHERE boeking_id = 'ROMAN_PW.67-2';
UPDATE groep_66.boeking SET fk_passagier_id = 'PS-78QR' WHERE boeking_id = 'GEZIN_KJ.89-4';
